time,total_curtailment,total_pn,total_extra,imbalance
2025-09-30T23:00:00.000000,-0.7692333333333334,6.41045,0.9699749999999999,0.20074166666666649
2025-10-01T00:00:00.000000,-3.7587333333333333,16.522083333333338,4.349683333333332,0.590949999999999
2025-10-01T01:00:00.000000,-4.1501,16.497783333333334,4.170089285714286,0.01998928571428582
2025-10-01T02:00:00.000000,-4.263534523809525,17.005100000000006,3.851484375,-0.4120501488095245
2025-10-01T03:00:00.000000,-4.304016666666667,16.613116666666667,4.139012500000001,-0.16500416666666595
2025-10-01T04:00:00.000000,-4.187383333333333,16.826133333333335,3.982840753968254,-0.20454257936507902
2025-10-01T05:00:00.000000,-3.880608333333333,20.043783333333337,3.447668373015873,-0.43293996031745996
2025-10-01T06:00:00.000000,-4.167000000000001,21.50235,4.503572495791247,0.3365724957912466
2025-10-01T07:00:00.000000,-3.861341666666667,21.511499999999998,4.0173267700817705,0.1559851034151034
2025-10-01T08:00:00.000000,-3.2558874999999996,22.050416666666667,3.12360684765892,-0.13228065234107955
2025-10-01T09:00:00.000000,-2.7904750000000003,21.58296666666667,3.192445899470899,0.4019708994708986
2025-10-01T10:00:00.000000,-2.723283333333333,21.33558333333334,2.7475050925925926,0.024221759259259734
2025-10-01T11:00:00.000000,-2.5959416666666666,21.2281,1.6860096491228074,-0.9099320175438592
2025-10-01T12:00:00.000000,-2.8280833333333333,20.128466666666665,1.4879230769230771,-1.3401602564102562
2025-10-01T13:00:00.000000,-2.5241583333333333,19.508516666666665,1.72072061965812,-0.8034377136752133
2025-10-01T14:00:00.000000,-2.35695,20.16828333333333,2.397658888888889,0.04070888888888913
2025-10-01T15:00:00.000000,-2.019725,23.145066666666672,2.1028500000000006,0.08312500000000034
2025-10-01T16:00:00.000000,-1.8229333333333333,25.378033333333335,1.6975500000000003,-0.12538333333333296
2025-10-01T17:00:00.000000,-2.0576000000000003,25.864233333333335,2.3686242063492062,0.3110242063492059
2025-10-01T18:00:00.000000,-2.5266083333333333,25.445050000000002,2.874717142857143,0.3481088095238096
2025-10-01T19:00:00.000000,-2.3562583333333333,24.952550000000006,2.0205733333333336,-0.3356849999999998
2025-10-01T20:00:00.000000,-2.7246083333333333,22.951716666666666,2.6006767676767675,-0.12393156565656582
2025-10-01T21:00:00.000000,-2.865357142857143,20.458566666666666,2.213982142857143,-0.6513749999999998
2025-10-01T22:00:00.000000,-3.0451083333333337,17.24146666666667,2.4624454678362575,-0.5826628654970762
2025-10-01T23:00:00.000000,-3.3824000000000005,16.55633333333334,2.53610701754386,-0.8462929824561405
2025-10-02T00:00:00.000000,-3.4915333333333325,15.666533333333337,3.4029833333333337,-0.0885499999999988
2025-10-02T01:00:00.000000,-3.5534,15.238983333333334,3.1336500000000003,-0.4197499999999996
2025-10-02T02:00:00.000000,-3.586616666666667,15.351299999999997,3.0778999999999996,-0.5087166666666674
2025-10-02T03:00:00.000000,-2.7606083333333338,15.528433333333334,3.10105,0.3404416666666661
2025-10-02T04:00:00.000000,-2.2841583333333335,17.11906666666667,2.3942803030303033,0.11012196969696975
2025-10-02T05:00:00.000000,-1.7670765384615386,19.284133333333337,2.5586063636363643,0.7915298251748257
2025-10-02T06:00:00.000000,-2.1944715384615385,21.785849999999996,2.321284523809524,0.12681298534798557
2025-10-02T07:00:00.000000,-1.1240999999999999,20.551066666666667,1.88412380952381,0.7600238095238101
2025-10-02T08:00:00.000000,-1.2868,20.63685,1.4282500000000007,0.14145000000000074
2025-10-02T09:00:00.000000,-1.2266133333333333,19.71186666666667,1.4479500000000005,0.22133666666666718
2025-10-02T10:00:00.000000,-1.2825933333333333,17.647299999999998,1.8244833333333337,0.5418900000000004
2025-10-02T11:00:00.000000,-1.5828416666666667,17.37465,1.4708333333333334,-0.11200833333333327
2025-10-02T12:00:00.000000,-1.2768916666666665,17.098783333333333,1.6559666666666668,0.3790750000000003
2025-10-02T13:00:00.000000,-1.5837583333333334,17.49391666666667,1.9061666666666668,0.3224083333333334
2025-10-02T14:00:00.000000,-2.716541666666666,18.746083333333335,3.1081016666666668,0.3915600000000006
2025-10-02T15:00:00.000000,-3.7862861111111106,21.598433333333332,3.671900595238095,-0.11438551587301538
2025-10-02T16:00:00.000000,-5.281680555555555,24.281666666666656,4.142476388888889,-1.1392041666666657
2025-10-02T17:00:00.000000,-6.119400000000001,24.844649999999994,4.701356944444446,-1.4180430555555548
2025-10-02T18:00:00.000000,-6.3390916666666675,25.483816666666662,4.739626250562305,-1.5994654161043629
2025-10-02T19:00:00.000000,-6.923141666666668,23.79208333333333,6.091293055555556,-0.8318486111111119
2025-10-02T20:00:00.000000,-7.002601666666667,21.405583333333336,6.735303773322194,-0.2672978933444732
2025-10-02T21:00:00.000000,-6.812158333333334,20.276250000000005,6.7708434523809515,-0.04131488095238289
2025-10-02T22:00:00.000000,-6.307325000000002,18.34218333333333,5.86288086611456,-0.4444441338854421
2025-10-02T23:00:00.000000,-5.605758333333333,18.42791666666667,5.0887601662404105,-0.5169981670929227
2025-10-03T00:00:00.000000,-5.429233333333335,18.348083333333328,4.610966666666667,-0.818266666666668
2025-10-03T01:00:00.000000,-5.182925000000002,17.934266666666662,4.59742,-0.5855050000000022
2025-10-03T02:00:00.000000,-4.624691666666665,17.383866666666666,3.765568888888889,-0.8591227777777761
2025-10-03T03:00:00.000000,-4.283741666666668,16.927766666666667,3.268333333333334,-1.0154083333333337
2025-10-03T04:00:00.000000,-3.458891666666667,16.6581,3.3857333333333335,-0.07315833333333366
2025-10-03T05:00:00.000000,-2.422554220779221,17.69631666666667,3.1805166666666675,0.7579624458874465
2025-10-03T06:00:00.000000,-2.0307289682539684,20.236883333333328,2.9141705555555566,0.8834415873015882
2025-10-03T07:00:00.000000,-1.1679833333333336,20.422566666666665,3.0910743939393943,1.9230910606060607
2025-10-03T08:00:00.000000,-0.5248,19.66731666666666,3.1169964998849786,2.5921964998849787
2025-10-03T09:00:00.000000,-1.0826710185185187,20.14051666666667,2.1141819444444447,1.031510925925926
2025-10-03T10:00:00.000000,-2.111333055555556,20.16278333333333,1.6416666666666673,-0.46966638888888856
2025-10-03T11:00:00.000000,-3.024683333333333,20.328300000000006,2.453620238095238,-0.5710630952380948
2025-10-03T12:00:00.000000,-4.516441666666667,20.005249999999997,4.545441826923077,0.029000160256409835
2025-10-03T13:00:00.000000,-5.757191666666667,21.36415,5.519036805555556,-0.23815486111111106
2025-10-03T14:00:00.000000,-6.61705,21.548116666666665,5.634598782051281,-0.9824512179487188
2025-10-03T15:00:00.000000,-6.642825,23.118050000000004,5.965779087301587,-0.6770459126984134
2025-10-03T16:00:00.000000,-5.598366666666666,23.43941666666667,6.080525265617002,0.48215859895033564
2025-10-03T17:00:00.000000,-4.724324999999999,23.372016666666678,6.500878194444445,1.7765531944444453
2025-10-03T18:00:00.000000,-3.9698035714285718,22.954016666666668,4.839531516076517,0.8697279446479449
2025-10-03T19:00:00.000000,-2.6712335497835498,22.04073333333334,3.716711327561328,1.0454777777777782
2025-10-03T20:00:00.000000,-1.3561166666666666,20.651499999999995,3.030485,1.6743683333333335
2025-10-03T21:00:00.000000,-1.9295000000000007,20.188316666666665,2.5852666666666675,0.6557666666666668
2025-10-03T22:00:00.000000,-1.898475,19.963616666666663,2.387166666666667,0.48869166666666697
2025-10-03T23:00:00.000000,-2.3236833333333333,18.515383333333336,2.036166666666667,-0.2875166666666664
2025-10-04T00:00:00.000000,-2.903625,17.14086666666666,2.0649333333333333,-0.8386916666666666
2025-10-04T01:00:00.000000,-2.988658333333334,16.498116666666665,2.0362,-0.9524583333333339
2025-10-04T02:00:00.000000,-3.636725,15.356999999999998,2.3561000000000005,-1.2806249999999997
2025-10-04T03:00:00.000000,-4.177299999999999,16.10306666666666,2.1712833333333332,-2.0060166666666657
2025-10-04T04:00:00.000000,-5.209675,15.335933333333339,3.0725000000000002,-2.1371749999999996
2025-10-04T05:00:00.000000,-5.0093,15.089550000000001,4.159227777777778,-0.8500722222222219
2025-10-04T06:00:00.000000,-4.7700458333333335,15.679400000000003,3.7757486111111107,-0.9942972222222228
2025-10-04T07:00:00.000000,-4.605354166666666,16.34251666666667,3.893255218253968,-0.7120989484126983
2025-10-04T08:00:00.000000,-4.441975,14.802083333333336,4.197088797313798,-0.2448862026862022
2025-10-04T09:00:00.000000,-4.532149999999999,15.423000000000002,3.4853097069597077,-1.0468402930402911
2025-10-04T10:00:00.000000,-4.372050000000001,14.922599999999997,4.055191447368421,-0.31685855263157947
2025-10-04T11:00:00.000000,-3.9355047619047614,15.289883333333332,4.8618512820512825,0.9263465201465211
2025-10-04T12:00:00.000000,-3.7232035714285714,17.246100000000006,3.5877954545454536,-0.13540811688311782
2025-10-04T13:00:00.000000,-4.025449999999999,17.995583333333332,2.6270000000000002,-1.398449999999999
2025-10-04T14:00:00.000000,-4.153949999999999,16.934133333333335,2.9891100000000006,-1.1648399999999985
2025-10-04T15:00:00.000000,-4.361908333333332,18.43166666666666,3.574644761904762,-0.7872635714285701
2025-10-04T16:00:00.000000,-4.546270833333334,18.968450000000008,3.759860714285714,-0.7864101190476198
2025-10-04T17:00:00.000000,-4.630854166666666,20.04491666666667,3.766666666666666,-0.8641874999999994
2025-10-04T18:00:00.000000,-4.7516500000000015,19.83743333333333,4.4905322407782275,-0.26111775922177394
2025-10-04T19:00:00.000000,-4.999073333333333,19.03306666666667,4.329725806451613,-0.6693475268817197
2025-10-04T20:00:00.000000,-5.231018333333334,18.548149999999996,4.675758203406465,-0.5552601299268689
2025-10-04T21:00:00.000000,-4.7118,17.617016666666665,3.694159228734228,-1.0176407712657722
2025-10-04T22:00:00.000000,-4.6670333333333325,16.741899999999994,3.4248416666666666,-1.242191666666666
2025-10-04T23:00:00.000000,-4.561450000000001,15.57921666666667,3.9769962903225804,-0.5844537096774203
2025-10-05T00:00:00.000000,-3.9810083333333335,15.250950000000003,3.4956459139784943,-0.48536241935483915
2025-10-05T01:00:00.000000,-3.891808333333334,15.140933333333335,3.5066196589074017,-0.3851886744259323
2025-10-05T02:00:00.000000,-3.7062416666666667,15.303316666666671,3.1886494623655914,-0.5175922043010752
2025-10-05T03:00:00.000000,-3.637083333333334,15.300366666666665,2.9674,-0.6696833333333339
2025-10-05T04:00:00.000000,-3.6725333333333334,14.99328333333333,2.9316999999999998,-0.7408333333333337
2025-10-05T05:00:00.000000,-3.9993000000000003,14.940450000000002,3.4411333333333336,-0.5581666666666667
2025-10-05T06:00:00.000000,-4.365583333333334,15.421883333333334,3.6135761904761905,-0.7520071428571438
2025-10-05T07:00:00.000000,-4.1213,15.827133333333332,4.027838888888889,-0.093461111111111
2025-10-05T08:00:00.000000,-3.825683333333334,14.669233333333336,3.9455666666666667,0.11988333333333268
2025-10-05T09:00:00.000000,-3.796425,14.634866666666664,3.5946,-0.20182500000000037
2025-10-05T10:00:00.000000,-3.3625999999999996,14.93608333333333,3.2262583333333335,-0.13634166666666614
2025-10-05T11:00:00.000000,-3.394649999999999,15.187483333333327,3.2080666666666673,-0.18658333333333177
2025-10-05T12:00:00.000000,-3.319066666666666,16.17251666666667,2.0919166666666666,-1.2271499999999995
2025-10-05T13:00:00.000000,-2.879191666666666,15.397699999999999,2.583375,-0.29581666666666573
2025-10-05T14:00:00.000000,-2.697791666666667,16.402116666666668,2.239366666666667,-0.45842499999999964
2025-10-05T15:00:00.000000,-2.3811166666666663,18.39806666666667,2.2232240697674426,-0.15789259689922375
2025-10-05T16:00:00.000000,-2.5779183333333338,20.048649999999995,2.290439186046512,-0.28747914728682167
2025-10-05T17:00:00.000000,-2.8870733333333325,20.976516666666665,2.7621187500000004,-0.12495458333333209
2025-10-05T18:00:00.000000,-3.0454416666666657,20.36253333333333,3.5084916666666666,0.46305000000000085
2025-10-05T19:00:00.000000,-2.8759666666666663,19.497316666666663,3.4045347770467838,0.5285681103801174
2025-10-05T20:00:00.000000,-2.8045555555555555,18.71553333333333,2.9925500000000005,0.18799444444444502
2025-10-05T21:00:00.000000,-2.948869444444444,17.189966666666667,2.783894444444445,-0.1649749999999992
2025-10-05T22:00:00.000000,-3.1519749999999997,17.266316666666665,2.360516666666667,-0.7914583333333329
2025-10-05T23:00:00.000000,-3.3778500000000005,17.01721666666667,2.2124333333333337,-1.1654166666666668
2025-10-06T00:00:00.000000,-3.2870749999999997,16.83544999999999,2.1784,-1.1086749999999999
2025-10-06T01:00:00.000000,-3.3265999999999996,16.688683333333334,2.6352333333333338,-0.6913666666666658
2025-10-06T02:00:00.000000,-3.453105555555555,16.157966666666667,2.940376612903226,-0.5127289426523292
2025-10-06T03:00:00.000000,-4.050574999999999,16.443116666666665,2.921804080507307,-1.1287709194926925
2025-10-06T04:00:00.000000,-4.645783333333332,17.872,3.440317926661153,-1.2054654066721793
2025-10-06T05:00:00.000000,-4.715800000000001,19.67765,3.2619124526862024,-1.4538875473137982
2025-10-06T06:00:00.000000,-4.384241666666668,20.200416666666666,4.698385656565656,0.3141439898989882
2025-10-06T07:00:00.000000,-4.28433888888889,21.932166666666667,4.738714166666666,0.45437527777777653
2025-10-06T08:00:00.000000,-4.4658999999999995,20.291433333333334,4.356557626262626,-0.10934237373737332
2025-10-06T09:00:00.000000,-4.370836111111112,18.719566666666665,4.319170763888889,-0.05166534722222327
2025-10-06T10:00:00.000000,-4.47976388888889,17.078849999999996,4.3132391452991445,-0.16652474358974523
2025-10-06T11:00:00.000000,-4.737948030303031,16.46573333333333,3.9220443076599327,-0.8159037226430979
2025-10-06T12:00:00.000000,-4.556036666666668,15.801399999999994,4.554426544757527,-0.0016101219091408936
2025-10-06T13:00:00.000000,-4.565005844155845,16.08195,4.545145416291797,-0.019860427864047736
2025-10-06T14:00:00.000000,-4.464599999999999,17.62301666666666,4.428519603174603,-0.036080396825395766
2025-10-06T15:00:00.000000,-4.6475,21.774233333333335,2.682433333333334,-1.965066666666666
2025-10-06T16:00:00.000000,-5.064199999999998,25.40651666666666,2.890541779489574,-2.173658220510424
2025-10-06T17:00:00.000000,-5.343099999999999,26.172066666666662,3.97009099002849,-1.3730090099715087
2025-10-06T18:00:00.000000,-5.3412041666666665,26.23063333333333,2.8631615384615388,-2.4780426282051278
2025-10-06T19:00:00.000000,-5.062191666666667,25.017816666666658,2.7598119047619045,-2.3023797619047626
2025-10-06T20:00:00.000000,-5.265497222222223,21.3565,4.631065661375662,-0.6344315608465605
2025-10-06T21:00:00.000000,-6.01807,19.561883333333338,5.733760059523811,-0.28430994047618885
2025-10-06T22:00:00.000000,-6.06458,17.319566666666663,6.841213194444444,0.776633194444444
2025-10-06T23:00:00.000000,-6.400250000000001,17.409666666666666,6.524242063492062,0.12399206349206171
2025-10-07T00:00:00.000000,-6.244475000000001,16.941183333333328,6.276382407407406,0.03190740740740505
2025-10-07T01:00:00.000000,-6.191233333333335,16.833983333333332,5.9290564102564085,-0.2621769230769262
2025-10-07T02:00:00.000000,-6.2606,16.517300000000006,5.652294166666667,-0.6083058333333335
2025-10-07T03:00:00.000000,-6.113941666666667,16.28315,5.82933253968254,-0.2846091269841269
2025-10-07T04:00:00.000000,-5.6323251984126985,17.554883333333336,5.475487597402597,-0.15683760101010158
2025-10-07T05:00:00.000000,-4.620058134920634,21.487133333333333,3.406625,-1.213433134920634
2025-10-07T06:00:00.000000,-3.7289166666666667,25.454416666666674,2.4351313492063493,-1.2937853174603173
2025-10-07T07:00:00.000000,-2.370574999999999,24.607700000000005,2.5271922222222223,0.15661722222222307
2025-10-07T08:00:00.000000,-1.8846666666666667,23.573400000000007,2.9027666666666665,1.0180999999999998
2025-10-07T09:00:00.000000,-1.3321916666666667,22.97328333333335,2.0952333333333333,0.7630416666666666
2025-10-07T10:00:00.000000,-1.4670816666666666,22.790583333333334,1.5360166666666668,0.06893500000000019
2025-10-07T11:00:00.000000,-1.8023029960317463,22.513350000000003,1.5517166666666666,-0.25058632936507963
2025-10-07T12:00:00.000000,-2.3845826190476185,22.037899999999997,1.5301666666666667,-0.8544159523809518
2025-10-07T13:00:00.000000,-1.9219355753968257,22.349683333333335,1.5660403703703705,-0.3558952050264552
2025-10-07T14:00:00.000000,-1.619638888888889,22.912150000000004,1.2190854938271607,-0.4005533950617284
2025-10-07T15:00:00.000000,-3.242751053113553,26.028883333333336,0.9748500000000002,-2.267901053113553
2025-10-07T16:00:00.000000,-2.638645,27.05091666666667,1.0879500000000002,-1.5506949999999997
2025-10-07T17:00:00.000000,-2.2149750000000004,27.855349999999994,1.1095666666666668,-1.1054083333333335
2025-10-07T18:00:00.000000,-3.1654583333333326,27.668683333333334,1.0893500000000005,-2.076108333333332
2025-10-07T19:00:00.000000,-2.5689675000000003,25.879733333333334,1.130129166666667,-1.4388383333333332
2025-10-07T20:00:00.000000,-2.2595384722222223,23.382600000000007,2.0252875,-0.23425097222222213
2025-10-07T21:00:00.000000,-2.5352972222222214,21.052300000000002,2.7590181013431017,0.22372087912088023
2025-10-07T22:00:00.000000,-2.878514583333334,18.691700000000004,2.8785998931623937,0.00008530982905963214
2025-10-07T23:00:00.000000,-3.0874333333333337,18.637749999999997,3.092774358974359,0.005341025641025343
2025-10-08T00:00:00.000000,-3.263541666666667,18.158466666666673,3.273727777777778,0.010186111111111007
2025-10-08T01:00:00.000000,-3.3391833333333327,17.495433333333338,3.470264141414141,0.13108080808080835
2025-10-08T02:00:00.000000,-3.4395333333333338,17.340766666666667,3.4032628982128985,-0.03627043512043526
2025-10-08T03:00:00.000000,-3.2059,17.644216666666672,3.255565340909091,0.049665340909090805
2025-10-08T04:00:00.000000,-2.9572499999999997,18.82245,2.981509523809524,0.024259523809524453
2025-10-08T05:00:00.000000,-3.2558166666666666,21.798816666666664,3.2155075,-0.040309166666666396
2025-10-08T06:00:00.000000,-3.417258333333333,23.56136666666667,4.402774047619047,0.9855157142857145
2025-10-08T07:00:00.000000,-2.937033333333333,24.156666666666663,3.1865314393939395,0.24949810606060652
2025-10-08T08:00:00.000000,-2.7869333333333333,23.264916666666668,2.6186597222222225,-0.16827361111111072
2025-10-08T09:00:00.000000,-2.545724999999999,23.350616666666664,2.2228166666666676,-0.3229083333333316
2025-10-08T10:00:00.000000,-2.760440476190476,22.3489,3.078354344193818,0.317913868003342
2025-10-08T11:00:00.000000,-3.0969666666666664,21.613033333333334,3.040840695488722,-0.05612597117794449
2025-10-08T12:00:00.000000,-3.38505,21.24971666666667,3.51301471125731,0.1279647112573099
2025-10-08T13:00:00.000000,-3.6695249999999997,21.123450000000002,3.7689953905122664,0.0994703905122667
2025-10-08T14:00:00.000000,-3.8606249999999998,22.428266666666676,3.3855069277360075,-0.4751180722639923
2025-10-08T15:00:00.000000,-4.013841666666666,24.084283333333342,3.4360160964912283,-0.5778255701754378
2025-10-08T16:00:00.000000,-4.5863000000000005,26.453633333333332,3.8148800000000005,-0.77142
2025-10-08T17:00:00.000000,-4.991116666666667,27.340349999999994,4.142385084175085,-0.848731582491582
2025-10-08T18:00:00.000000,-5.144308333333334,26.83518333333333,4.665230815295815,-0.47907751803751886
2025-10-08T19:00:00.000000,-4.798538333333334,25.366333333333337,4.595621289682541,-0.20291704365079344
2025-10-08T20:00:00.000000,-4.663679166666668,23.34191666666666,5.070813888888888,0.4071347222222199
2025-10-08T21:00:00.000000,-4.9372951785714285,22.050900000000006,4.67589503968254,-0.2614001388888889
2025-10-08T22:00:00.000000,-4.773903819444444,17.964750000000002,4.4042666666666666,-0.3696371527777771
2025-10-08T23:00:00.000000,-5.094683333333334,16.056766666666665,4.939173402777778,-0.1555099305555565
2025-10-09T00:00:00.000000,-5.1525083333333335,15.75066666666667,5.056605,-0.09590333333333323
2025-10-09T01:00:00.000000,-4.96315,15.291700000000004,5.191043749999999,0.2278937499999989
2025-10-09T02:00:00.000000,-5.027699999999999,15.314466666666668,4.781808754208754,-0.24589124579124544
2025-10-09T03:00:00.000000,-5.07855,15.917250000000001,5.060716071428571,-0.01783392857142907
2025-10-09T04:00:00.000000,-5.127716666666666,16.93505,5.597384768642306,0.4696681019756399
2025-10-09T05:00:00.000000,-5.320950000000002,19.351533333333332,6.0853108670033675,0.7643608670033659
2025-10-09T06:00:00.000000,-5.55185,22.8462,5.159506516585267,-0.3923434834147326
2025-10-09T07:00:00.000000,-5.462933333333333,22.00515,5.81245811965812,0.34952478632478723
2025-10-09T08:00:00.000000,-5.372666666666667,21.735833333333336,5.275788181818181,-0.09687848484848605
2025-10-09T09:00:00.000000,-4.954622222222222,20.5472,5.463043484848485,0.5084212626262632
2025-10-09T10:00:00.000000,-4.758233333333333,20.14553333333333,5.1585265151515145,0.4002931818181814
2025-10-09T11:00:00.000000,-4.71568888888889,20.30163333333334,4.690758809523809,-0.02493007936508107
2025-10-09T12:00:00.000000,-4.926486111111113,19.4137,4.858608333333333,-0.06787777777778015
2025-10-09T13:00:00.000000,-4.8586,19.220666666666666,5.2640384920634915,0.4054384920634915
2025-10-09T14:00:00.000000,-4.720566666666667,19.730266666666665,4.7687875,0.0482208333333336
2025-10-09T15:00:00.000000,-5.093825,23.53243333333333,3.89713612942613,-1.1966888705738699
2025-10-09T16:00:00.000000,-4.732266666666666,25.981783333333333,3.807795500758202,-0.9244711659084639
2025-10-09T17:00:00.000000,-4.7223,25.364583333333332,4.618287725737956,-0.10401227426204329
2025-10-09T18:00:00.000000,-4.619266666666666,23.781516666666665,4.661368197055139,0.04210153038847242
2025-10-09T19:00:00.000000,-4.289158333333334,23.027366666666666,3.5759521303258155,-0.7132062030075184
2025-10-09T20:00:00.000000,-4.036683333333333,21.038866666666664,3.789381507936508,-0.24730182539682533
2025-10-09T21:00:00.000000,-3.673449999999999,18.936933333333332,3.7281842261904767,0.05473422619047774
2025-10-09T22:00:00.000000,-3.8671055555555554,17.406816666666664,3.4485607142857146,-0.4185448412698407
2025-10-09T23:00:00.000000,-3.893566666666666,16.561083333333332,3.8289096969696974,-0.06465696969696877
2025-10-10T00:00:00.000000,-3.83145,16.376866666666665,4.062008333333334,0.2305583333333341
2025-10-10T01:00:00.000000,-4.014116666666666,15.992983333333331,4.410528333333334,0.3964116666666673
2025-10-10T02:00:00.000000,-3.9463500000000007,15.979666666666668,3.885344583333333,-0.06100541666666759
2025-10-10T03:00:00.000000,-3.9899499999999994,15.816266666666667,3.9709041666666662,-0.019045833333333206
2025-10-10T04:00:00.000000,-3.9559166666666665,17.55951666666667,3.9112865079365084,-0.044630158730158076
2025-10-10T05:00:00.000000,-3.8896249999999997,19.468233333333334,3.9178604626532887,0.028235462653289023
2025-10-10T06:00:00.000000,-4.175050925925926,22.342800000000004,3.3983275132275135,-0.7767234126984124
2025-10-10T07:00:00.000000,-4.171140740740739,23.232600000000005,3.281114285714286,-0.8900264550264532
2025-10-10T08:00:00.000000,-3.8503749999999997,22.303600000000007,3.2973333333333343,-0.5530416666666653
2025-10-10T09:00:00.000000,-3.922941666666667,22.4195,3.358357142857143,-0.5645845238095242
2025-10-10T10:00:00.000000,-4.068116666666667,21.676483333333334,4.07637328042328,0.008256613756613795
2025-10-10T11:00:00.000000,-4.011216666666667,21.027033333333343,4.1195665343915335,0.10834986772486666
2025-10-10T12:00:00.000000,-3.9574333333333334,21.158783333333332,4.188916666666667,0.23148333333333326
2025-10-10T13:00:00.000000,-3.937608333333334,21.92495,4.16634126984127,0.22873293650793647
2025-10-10T14:00:00.000000,-3.5938583333333334,22.791333333333338,3.421805854341737,-0.17205247899159648
2025-10-10T15:00:00.000000,-3.3451333333333326,23.548266666666667,3.0069133333333333,-0.3382199999999993
2025-10-10T16:00:00.000000,-3.3875083333333333,25.732850000000003,2.2373077777777786,-1.1502005555555548
2025-10-10T17:00:00.000000,-3.1909833333333335,25.783633333333334,2.2011129761904766,-0.9898703571428569
2025-10-10T18:00:00.000000,-2.7644916666666663,24.117050000000003,2.7203300793650795,-0.04416158730158681
2025-10-10T19:00:00.000000,-2.0302448717948725,22.550433333333334,2.2204441666666668,0.19019929487179432
2025-10-10T20:00:00.000000,-1.7795017948717948,22.23136666666667,1.165078888888889,-0.6144229059829058
2025-10-10T21:00:00.000000,-1.2028155710955712,21.64431666666667,0.5843814516129033,-0.6184341194826679
2025-10-10T22:00:00.000000,-1.2561171212121214,19.138716666666667,1.1640833333333336,-0.0920337878787878
2025-10-10T23:00:00.000000,-1.1398233333333334,17.55,1.2523833333333336,0.11256000000000022
2025-10-11T00:00:00.000000,-1.0933883333333334,17.7331,1.0312095833333335,-0.06217874999999995
2025-10-11T01:00:00.000000,-1.0642541666666665,17.372100000000003,0.8707666666666669,-0.1934874999999996
2025-10-11T02:00:00.000000,-1.7992833333333331,17.216250000000002,0.8562666666666668,-0.9430166666666663
2025-10-11T03:00:00.000000,-1.6877553571428574,16.482200000000002,0.8575000000000002,-0.8302553571428573
2025-10-11T04:00:00.000000,-1.7172454983904981,16.080133333333336,0.8756666666666669,-0.8415788317238312
2025-10-11T05:00:00.000000,-1.3171261904761906,16.20856666666667,0.8691500000000003,-0.4479761904761903
2025-10-11T06:00:00.000000,-1.5324315115440115,17.170966666666665,1.0099380303030305,-0.5224934812409809
2025-10-11T07:00:00.000000,-1.0516149571754412,18.178616666666667,1.0994401931759996,0.047825236000558435
2025-10-11T08:00:00.000000,-1.132539527816737,18.39885,1.0695982078853046,-0.06294131993143237
2025-10-11T09:00:00.000000,-1.1614860215053766,17.98508333333334,1.8572699999999995,0.6957839784946229
2025-10-11T10:00:00.000000,-0.9681263440860215,18.173333333333332,2.2086525,1.2405261559139784
2025-10-11T11:00:00.000000,-0.7644039772727274,18.092366666666674,1.5384226190476193,0.774018641774892
2025-10-11T12:00:00.000000,-0.7703999999999999,17.784433333333332,0.8496499999999999,0.07925000000000004
2025-10-11T13:00:00.000000,-0.7993333333333333,17.443649999999998,0.989090811965812,0.1897574786324786
2025-10-11T14:00:00.000000,-0.6605416666666666,17.729983333333333,1.075925,0.41538333333333344
2025-10-11T15:00:00.000000,-0.40617833333333336,18.934983333333335,1.3674833333333336,0.9613050000000003
2025-10-11T16:00:00.000000,-0.623019603174603,21.31041666666667,0.8368775757575759,0.2138579725829729
2025-10-11T17:00:00.000000,-0.46973333333333334,22.22444999999999,0.9692500000000001,0.4995166666666667
2025-10-11T18:00:00.000000,-0.5292833333333333,21.807599999999997,0.9648333333333334,0.4355500000000001
2025-10-11T19:00:00.000000,-1.140255,20.97163333333333,0.8545333333333334,-0.28572166666666665
2025-10-11T20:00:00.000000,-0.9332087962962962,20.15085,0.6714333333333334,-0.2617754629629627
2025-10-11T21:00:00.000000,-0.8468678166069294,18.83528333333333,0.8223833333333335,-0.02448448327359598
2025-10-11T22:00:00.000000,-0.6702416666666666,17.071316666666668,0.9483712121212123,0.2781295454545457
2025-10-11T23:00:00.000000,-0.42768333333333325,16.4763,0.9009787878787885,0.47329545454545524
2025-10-12T00:00:00.000000,-0.0887,16.18043333333333,0.8236000000000003,0.7349000000000003
2025-10-12T01:00:00.000000,-0.08900000000000001,16.1888,0.7356500000000002,0.6466500000000003
2025-10-12T02:00:00.000000,-0.2498333333333333,16.03465,0.6900000000000003,0.440166666666667
2025-10-12T03:00:00.000000,-0.6853083333333334,15.709883333333332,0.6900000000000003,0.004691666666666872
2025-10-12T04:00:00.000000,-0.9951166666666668,15.623216666666668,0.6902500000000003,-0.3048666666666665
2025-10-12T05:00:00.000000,-0.7642207342657343,15.397600000000004,0.7363800000000003,-0.02784073426573408
2025-10-12T06:00:00.000000,-0.411789393939394,16.234183333333334,0.6637583333333336,0.25196893939393955
2025-10-12T07:00:00.000000,0.0,17.521566666666665,0.4143583333333333,0.4143583333333333
2025-10-12T08:00:00.000000,0.0,18.046866666666663,0.716445,0.716445
2025-10-12T09:00:00.000000,-0.0006000000000000001,18.64093333333333,0.6948133333333334,0.6942133333333333
2025-10-12T10:00:00.000000,-0.00043333333333333337,17.92068333333333,1.5700774509803923,1.569644117647059
2025-10-12T11:00:00.000000,-0.0003166666666666667,17.786516666666664,1.8785558823529407,1.878239215686274
2025-10-12T12:00:00.000000,-0.20662388888888888,18.434833333333334,1.0024222222222223,0.7957983333333334
2025-10-12T13:00:00.000000,-0.5957177777777778,19.35266666666666,0.4041433333333334,-0.19157444444444438
2025-10-12T14:00:00.000000,-0.31073330808080807,18.9771,0.50077,0.19003669191919198
2025-10-12T15:00:00.000000,-0.03476138888888889,20.868799999999997,0.40889999999999993,0.374138611111111
2025-10-12T16:00:00.000000,-0.024133333333333333,22.686549999999993,0.4918583333333334,0.46772500000000006
2025-10-12T17:00:00.000000,-0.06633333333333333,23.76204999999999,0.618075,0.5517416666666667
2025-10-12T18:00:00.000000,-0.2851833333333333,23.55894999999999,0.2745833333333333,-0.010599999999999998
2025-10-12T19:00:00.000000,-0.19561666666666666,21.598533333333332,0.4668333333333332,0.27121666666666655
2025-10-12T20:00:00.000000,-0.18339999999999998,20.843933333333332,0.29206666666666664,0.10866666666666666
2025-10-12T21:00:00.000000,-0.31069500000000005,20.059916666666666,0.20057500000000006,-0.11012
2025-10-12T22:00:00.000000,-0.3828516666666666,18.998816666666663,0.2400000000000001,-0.1428516666666665
2025-10-12T23:00:00.000000,-0.2956685185185185,17.798966666666665,0.27707083333333343,-0.018597685185185064
2025-10-13T00:00:00.000000,-0.2611203703703704,18.205383333333327,0.24220000000000008,-0.01892037037037031
2025-10-13T01:00:00.000000,-0.43810000000000004,18.381816666666666,0.29566666666666674,-0.1424333333333333
2025-10-13T02:00:00.000000,-0.4005083333333333,17.9212,0.2889333333333334,-0.11157499999999992
2025-10-13T03:00:00.000000,-0.2948965277777777,18.25658333333333,0.3722333333333334,0.07733680555555572
2025-10-13T04:00:00.000000,-0.6238076388888889,19.996883333333333,0.2406500000000001,-0.38315763888888876
2025-10-13T05:00:00.000000,-0.47362916666666666,22.8009,0.16415,-0.30947916666666664
2025-10-13T06:00:00.000000,-0.8262583333333333,26.0678,0.057899999999999986,-0.7683583333333334
2025-10-13T07:00:00.000000,-0.6647916666666667,26.654983333333327,0.0,-0.6647916666666667
2025-10-13T08:00:00.000000,-0.3261916666666667,26.433349999999997,0.009166666666666668,-0.31702500000000006
2025-10-13T09:00:00.000000,-0.33979444444444445,25.513683333333326,0.08126666666666668,-0.2585277777777778
2025-10-13T10:00:00.000000,-0.1498833333333333,25.16719999999999,0.15228333333333335,0.002400000000000041
2025-10-13T11:00:00.000000,-0.2119398148148148,24.905149999999995,0.3985037037037037,0.1865638888888889
2025-10-13T12:00:00.000000,-0.8615199494949494,25.016166666666656,0.8246500000000001,-0.03686994949494926
2025-10-13T13:00:00.000000,-1.0639283071095569,25.460266666666662,0.9159000000000002,-0.14802830710955672
2025-10-13T14:00:00.000000,-1.561092200854701,26.28086666666666,0.9635166666666668,-0.5975755341880342
2025-10-13T15:00:00.000000,-1.4831215705128205,26.6062,1.3180166666666666,-0.16510490384615384
2025-10-13T16:00:00.000000,-2.03322875,27.49176666666666,1.2254999999999998,-0.8077287500000003
2025-10-13T17:00:00.000000,-1.61,27.84886666666666,0.9615277777777778,-0.6484722222222223
2025-10-13T18:00:00.000000,-1.9657333333333336,27.94393333333333,0.7571388888888888,-1.2085944444444447
2025-10-13T19:00:00.000000,-1.220280357142857,25.873466666666666,0.6579166666666667,-0.5623636904761904
2025-10-13T20:00:00.000000,-0.41664873015873016,23.70403333333333,0.40976666666666667,-0.006882063492063495
2025-10-13T21:00:00.000000,-0.5138433333333333,22.14256666666667,0.71735,0.20350666666666672
2025-10-13T22:00:00.000000,-0.6899583333333333,20.364366666666665,0.615166666666667,-0.07479166666666637
2025-10-13T23:00:00.000000,-0.7002224328449329,19.613366666666657,0.702966666666667,0.0027442338217340545
2025-10-14T00:00:00.000000,-0.7181088492063492,19.1814,0.6900000000000003,-0.02810884920634893
2025-10-14T01:00:00.000000,-0.9794706517094016,19.147916666666667,0.767516666666667,-0.21195398504273466
2025-10-14T02:00:00.000000,-1.1916416666666665,18.539083333333334,0.7778333333333336,-0.4138083333333329
2025-10-14T03:00:00.000000,-1.1096170833333332,18.63085,0.6960666666666669,-0.41355041666666625
2025-10-14T04:00:00.000000,-0.7596506547619049,19.712416666666662,0.4684833333333333,-0.29116732142857155
2025-10-14T05:00:00.000000,-0.3219483134920635,22.908849999999997,0.11921666666666667,-0.20273164682539682
2025-10-14T06:00:00.000000,-0.079625,25.45946666666667,0.14711666666666667,0.06749166666666667
2025-10-14T07:00:00.000000,0.0,26.51086666666666,0.014466666666666668,0.014466666666666668
2025-10-14T08:00:00.000000,-0.0094,26.054349999999996,0.0088,-0.0005999999999999998
2025-10-14T09:00:00.000000,-0.01858333333333333,25.614816666666673,0.04273333333333333,0.02415
2025-10-14T10:00:00.000000,-0.07339603174603176,25.570000000000014,0.1279,0.05450396825396825
2025-10-14T11:00:00.000000,-0.24820285714285714,25.796333333333337,0.21541666666666665,-0.0327861904761905
2025-10-14T12:00:00.000000,-1.244968811119436,26.802450000000004,0.3274119047619048,-0.9175569063575311
2025-10-14T13:00:00.000000,-1.0383427062112722,26.245066666666666,0.8647833333333332,-0.173559372877939
2025-10-14T14:00:00.000000,-1.0875751588076956,25.732533333333333,1.21,0.12242484119230435
2025-10-14T15:00:00.000000,-1.5698989583333331,27.239533333333334,1.212,-0.3578989583333332
2025-10-14T16:00:00.000000,-2.7201113095238094,30.07583333333333,1.0117500000000001,-1.7083613095238093
2025-10-14T17:00:00.000000,-2.547272271825397,30.16711666666666,0.7695000000000001,-1.7777722718253968
2025-10-14T18:00:00.000000,-1.5801252380952382,28.86263333333334,0.6400000000000001,-0.9401252380952381
2025-10-14T19:00:00.000000,-0.3883257806082806,26.174866666666667,0.7268416666666668,0.33851588605838623
2025-10-14T20:00:00.000000,-1.3035783685064934,25.77218333333333,0.3443333333333333,-0.9592450351731601
2025-10-14T21:00:00.000000,-1.2308062698412698,24.738899999999994,0.0314,-1.1994062698412697
2025-10-14T22:00:00.000000,-1.059454761904762,22.629733333333334,0.4598166666666669,-0.5996380952380952
2025-10-14T23:00:00.000000,-1.2874361111111112,21.44875,0.6900000000000003,-0.597436111111111
2025-10-15T00:00:00.000000,-1.444049252136752,20.818666666666658,0.6955833333333337,-0.7484659188034184
2025-10-15T01:00:00.000000,-1.385856904761905,20.484550000000002,0.6961000000000003,-0.6897569047619047
2025-10-15T02:00:00.000000,-1.271195773809524,19.61336666666667,0.6914333333333337,-0.5797624404761904
2025-10-15T03:00:00.000000,-1.5746485714285718,19.695183333333333,0.6971833333333337,-0.8774652380952381
2025-10-15T04:00:00.000000,-1.0438995238095239,19.72868333333333,0.5181095238095239,-0.52579
2025-10-15T05:00:00.000000,-0.6489219805194807,22.710799999999992,0.15670714285714285,-0.49221483766233787
2025-10-15T06:00:00.000000,-0.5834878607503607,26.158649999999998,0.010700000000000001,-0.5727878607503607
2025-10-15T07:00:00.000000,-0.51167,26.666533333333337,0.00020000000000000004,-0.51147
2025-10-15T08:00:00.000000,-0.12906388888888887,26.038833333333333,0.16185000000000002,0.032786111111111155
2025-10-15T09:00:00.000000,-0.2532416666666667,25.47175,0.08720833333333332,-0.16603333333333337
2025-10-15T10:00:00.000000,-0.170725,25.016883333333322,0.18675000000000003,0.01602500000000004
2025-10-15T11:00:00.000000,-0.23336666666666667,25.10586666666667,0.2748,0.04143333333333332
2025-10-15T12:00:00.000000,-0.7361750000000001,25.46826666666666,0.4644000000000001,-0.27177500000000004
2025-10-15T13:00:00.000000,-0.7142815476190476,25.275016666666662,0.3106666666666667,-0.4036148809523809
2025-10-15T14:00:00.000000,-1.1284088690476188,24.907999999999994,0.7207833333333334,-0.4076255357142854
2025-10-15T15:00:00.000000,-0.6075081944444444,25.54284999999999,0.73095,0.12344180555555562
2025-10-15T16:00:00.000000,-1.806602222222222,28.07598333333333,0.5707,-1.235902222222222
2025-10-15T17:00:00.000000,-1.1860533333333334,28.38355,0.36323333333333335,-0.8228200000000001
2025-10-15T18:00:00.000000,-0.45735000000000003,26.81861666666666,0.08865,-0.3687
2025-10-15T19:00:00.000000,-0.22984166666666667,24.820516666666673,0.08518333333333333,-0.14465833333333333
2025-10-15T20:00:00.000000,-0.4497999999999999,23.953933333333328,0.18166666666666664,-0.2681333333333333
2025-10-15T21:00:00.000000,-0.4624483333333334,22.279483333333328,0.22116666666666673,-0.24128166666666667
2025-10-15T22:00:00.000000,-0.7293849999999998,19.601933333333328,0.4634166666666668,-0.26596833333333303
2025-10-15T23:00:00.000000,-0.9238229166666667,18.588916666666655,0.7565000000000003,-0.16732291666666643
2025-10-16T00:00:00.000000,-1.054954861111111,17.874516666666665,0.7015000000000003,-0.3534548611111107
2025-10-16T01:00:00.000000,-1.0161020833333334,17.469283333333326,0.7346666666666671,-0.28143541666666627
2025-10-16T02:00:00.000000,-1.174951805555556,17.02106666666667,0.7081000000000004,-0.4668518055555555
2025-10-16T03:00:00.000000,-1.7919048611111115,17.386366666666667,0.690016666666667,-1.1018881944444445
2025-10-16T04:00:00.000000,-1.4335089983164984,18.10621666666666,0.4702333333333334,-0.963275664983165
2025-10-16T05:00:00.000000,-0.3614713791763791,21.334116666666667,0.5538410256410257,0.19236964646464655
2025-10-16T06:00:00.000000,-0.5812416666666665,24.051366666666663,0.8005666666666665,0.219325
2025-10-16T07:00:00.000000,-0.5590547619047619,24.77480000000001,0.6280833333333333,0.06902857142857144
2025-10-16T08:00:00.000000,-0.3930095238095237,24.183466666666675,0.5039333333333333,0.11092380952380965
2025-10-16T09:00:00.000000,-0.7636821428571428,24.001483333333333,0.47145000000000015,-0.2922321428571426
2025-10-16T10:00:00.000000,-1.2792035714285714,24.289866666666665,0.4200166666666668,-0.8591869047619046
2025-10-16T11:00:00.000000,-1.2671851190476189,23.860250000000004,0.45798333333333346,-0.8092017857142855
2025-10-16T12:00:00.000000,-1.4930712599206348,23.647066666666667,0.42000000000000015,-1.0730712599206347
2025-10-16T13:00:00.000000,-1.3195936497326202,23.571350000000006,0.45030000000000014,-0.86929364973262
2025-10-16T14:00:00.000000,-0.701944256993007,23.660316666666667,0.4588666666666666,-0.2430775903263404
2025-10-16T15:00:00.000000,-0.46180096153846156,24.778066666666664,0.3390083333333334,-0.12279262820512815
2025-10-16T16:00:00.000000,-0.23451666666666668,26.542950000000005,0.22966904761904766,-0.004847619047619017
2025-10-16T17:00:00.000000,-0.2627833333333333,27.027266666666662,0.5709976190476191,0.30821428571428583
2025-10-16T18:00:00.000000,-0.3872333333333334,25.87186666666666,0.20855,-0.17868333333333336
2025-10-16T19:00:00.000000,-0.44745722222222223,24.92218333333334,0.14820833333333333,-0.2992488888888889
2025-10-16T20:00:00.000000,-0.3963011742424243,22.846883333333334,0.36240909090909096,-0.03389208333333332
2025-10-16T21:00:00.000000,-0.8594053240740739,21.026066666666672,0.4344240740740742,-0.4249812499999997
2025-10-16T22:00:00.000000,-0.6235875000000001,18.807933333333338,0.4765000000000001,-0.14708749999999998
2025-10-16T23:00:00.000000,-0.575895,18.20826666666667,0.4800000000000001,-0.09589499999999995
2025-10-17T00:00:00.000000,-0.6617183928571428,17.883950000000002,0.4750000000000001,-0.18671839285714276
2025-10-17T01:00:00.000000,-0.6253360119047618,17.169,0.4757500000000001,-0.14958601190476173
2025-10-17T02:00:00.000000,-0.7496409722222221,16.69755,0.4750000000000001,-0.27464097222222206
2025-10-17T03:00:00.000000,-0.7857879996392496,16.525049999999997,0.48378333333333345,-0.30200466630591616
2025-10-17T04:00:00.000000,-0.6414748160173159,17.739883333333335,0.4239500000000001,-0.21752481601731583
2025-10-17T05:00:00.000000,-0.20800041666666666,20.53705,0.16423333333333331,-0.043767083333333345
2025-10-17T06:00:00.000000,-0.638217757936508,24.825316666666666,0.10874999999999999,-0.529467757936508
2025-10-17T07:00:00.000000,-0.49911182539682536,25.27641666666666,0.23636666666666667,-0.2627451587301587
2025-10-17T08:00:00.000000,-0.15261666666666668,23.393866666666668,0.6128833333333333,0.46026666666666666
2025-10-17T09:00:00.000000,-0.2432,24.206583333333334,0.35778333333333334,0.11458333333333334
2025-10-17T10:00:00.000000,-0.15935,23.89578333333333,0.19483333333333333,0.03548333333333334
2025-10-17T11:00:00.000000,-0.2293166666666667,23.659200000000002,0.07908333333333334,-0.15023333333333336
2025-10-17T12:00:00.000000,-1.0998347222222222,23.243816666666667,0.4870666666666667,-0.6127680555555555
2025-10-17T13:00:00.000000,-1.1517120650183152,22.875799999999998,0.5326166666666667,-0.6190953983516485
2025-10-17T14:00:00.000000,-0.923946044605979,22.82698333333333,0.4855666666666667,-0.43837937793931225
2025-10-17T15:00:00.000000,-0.3587640899122807,22.928616666666667,0.4039,0.04513591008771928
2025-10-17T16:00:00.000000,-0.13551666666666665,24.662283333333328,0.09366666666666668,-0.04184999999999997
2025-10-17T17:00:00.000000,-0.059633333333333344,25.05814999999999,0.25420000000000004,0.1945666666666667
2025-10-17T18:00:00.000000,-0.05268333333333335,23.705299999999994,0.37028333333333335,0.3176
2025-10-17T19:00:00.000000,-0.0743527777777778,22.94851666666667,0.34285000000000004,0.2684972222222223
2025-10-17T20:00:00.000000,-0.45006314814814813,21.488833333333332,0.46950000000000003,0.0194368518518519
2025-10-17T21:00:00.000000,-0.6081265740740742,19.95476666666666,0.27603333333333335,-0.33209324074074087
2025-10-17T22:00:00.000000,-0.7920033333333332,17.88603333333333,0.4038666666666667,-0.38813666666666646
2025-10-17T23:00:00.000000,-0.7992697222222223,17.428516666666663,0.8300333333333335,0.030763611111111255
2025-10-18T00:00:00.000000,-0.7501726851851853,17.0634,0.8906500000000002,0.14047731481481485
2025-10-18T01:00:00.000000,-1.2873166666666667,17.319999999999993,0.8915666666666667,-0.39574999999999994
2025-10-18T02:00:00.000000,-1.3620385416666667,16.514616666666665,0.9104000000000001,-0.4516385416666666
2025-10-18T03:00:00.000000,-1.5689972222222222,16.168166666666664,0.9118000000000002,-0.657197222222222
2025-10-18T04:00:00.000000,-1.5152277777777776,15.915849999999995,0.9028000000000002,-0.6124277777777775
2025-10-18T05:00:00.000000,-1.0306712028943277,16.200250000000004,0.8920500000000001,-0.13862120289432756
2025-10-18T06:00:00.000000,-1.0387566666666668,17.586783333333337,0.9604000000000001,-0.07835666666666663
2025-10-18T07:00:00.000000,-0.8469500000000002,17.836399999999994,0.993627777777778,0.1466777777777778
2025-10-18T08:00:00.000000,-0.7518333333333335,18.77308333333333,0.8373222222222222,0.08548888888888873
2025-10-18T09:00:00.000000,-0.6303264705882352,18.607933333333335,0.7635348039215687,0.13320833333333348
2025-10-18T10:00:00.000000,-0.5500833333333333,19.083566666666666,0.7303583333333333,0.18027500000000007
2025-10-18T11:00:00.000000,-0.5834833333333334,19.29448333333333,0.8469500000000002,0.26346666666666685
2025-10-18T12:00:00.000000,-0.5991249999999999,19.67693333333333,0.46684999999999993,-0.13227499999999998
2025-10-18T13:00:00.000000,-0.75,19.33773333333333,0.3064910256410256,-0.4435089743589744
2025-10-18T14:00:00.000000,-1.1361209722222223,19.626283333333333,0.5388022613960113,-0.597318710826211
2025-10-18T15:00:00.000000,-0.5518815277777779,20.612266666666667,1.22029375,0.6684122222222221
2025-10-18T16:00:00.000000,-0.795236111111111,22.584316666666663,1.1356296296296298,0.34039351851851873
2025-10-18T17:00:00.000000,-2.035823888888889,23.723133333333333,0.8711166666666667,-1.1647072222222223
2025-10-18T18:00:00.000000,-2.001825,22.109766666666665,0.9643571428571428,-1.0374678571428575
2025-10-18T19:00:00.000000,-2.1017650793650793,21.230549999999997,0.8264627027027028,-1.2753023766623763
2025-10-18T20:00:00.000000,-1.1918928571428573,18.130483333333334,1.6034623900293261,0.4115695328864688
2025-10-18T21:00:00.000000,-1.4524583333333334,17.403266666666664,1.8867252688172047,0.4342669354838713
2025-10-18T22:00:00.000000,-1.705825,16.741400000000002,2.101466666666667,0.3956416666666671
2025-10-18T23:00:00.000000,-2.2704833333333334,16.899866666666668,2.269833333333334,-0.0006499999999993733
2025-10-19T00:00:00.000000,-2.156658333333333,16.14453333333333,2.2519166666666672,0.09525833333333411
2025-10-19T01:00:00.000000,-2.2790166666666662,16.124433333333336,2.2776666666666667,-0.0013499999999995183
2025-10-19T02:00:00.000000,-2.340333333333333,15.490183333333336,2.48855,0.14821666666666689
2025-10-19T03:00:00.000000,-2.584516666666667,15.503383333333336,2.5108500000000005,-0.07366666666666655
2025-10-19T04:00:00.000000,-3.005591666666667,15.320199999999998,2.889092857142858,-0.11649880952380931
2025-10-19T05:00:00.000000,-3.173975,15.7743,2.9728016666666677,-0.20117333333333232
2025-10-19T06:00:00.000000,-3.240600000000001,16.235933333333335,3.1862249999999994,-0.054375000000001616
2025-10-19T07:00:00.000000,-3.1004666666666667,17.44203333333333,3.3315916666666667,0.23112500000000002
2025-10-19T08:00:00.000000,-3.2998666666666674,18.079716666666663,2.6892083333333336,-0.6106583333333337
2025-10-19T09:00:00.000000,-3.4990250000000005,19.056933333333333,2.4846833333333342,-1.0143416666666663
2025-10-19T10:00:00.000000,-3.373900000000001,19.508466666666664,2.72685,-0.6470500000000006
2025-10-19T11:00:00.000000,-3.4578333333333333,19.894866666666665,3.2500349264705886,-0.20779840686274476
2025-10-19T12:00:00.000000,-3.6298500000000002,20.475916666666663,3.9289170206971686,0.2990670206971684
2025-10-19T13:00:00.000000,-3.6962500000000005,21.046183333333328,3.7703484126984126,0.07409841269841211
2025-10-19T14:00:00.000000,-3.6945333333333337,21.502766666666673,3.839979583333333,0.1454462499999991
2025-10-19T15:00:00.000000,-3.8027833333333336,22.664149999999996,3.718298888888889,-0.08448444444444458
2025-10-19T16:00:00.000000,-3.9447,24.12196666666667,4.0276499999999995,0.08294999999999941
2025-10-19T17:00:00.000000,-4.2256,24.187233333333328,4.001466666666667,-0.22413333333333263
2025-10-19T18:00:00.000000,-4.160500000000001,22.720899999999997,3.8991740740740735,-0.2613259259259273
2025-10-19T19:00:00.000000,-3.953658333333333,21.050249999999995,3.3167444444444447,-0.6369138888888881
2025-10-19T20:00:00.000000,-3.7591749999999995,20.093766666666667,3.0152777561148536,-0.7438972438851459
2025-10-19T21:00:00.000000,-3.598233333333333,18.5836,3.089910897435898,-0.5083224358974348
2025-10-19T22:00:00.000000,-3.4709583333333334,17.89545,3.273566666666666,-0.1973916666666673
2025-10-19T23:00:00.000000,-3.1432583333333337,17.34396666666667,3.1051396825396824,-0.03811865079365129
2025-10-20T00:00:00.000000,-2.8505666666666665,17.228099999999998,2.8290936507936513,-0.0214730158730152
2025-10-20T01:00:00.000000,-2.588525,16.552500000000006,2.702333333333334,0.11380833333333396
2025-10-20T02:00:00.000000,-2.1403151612903226,16.78633333333333,1.788600510752688,-0.3517146505376345
2025-10-20T03:00:00.000000,-2.3112063978494626,16.920083333333334,1.6679443548387098,-0.6432620430107527
2025-10-20T04:00:00.000000,-2.098582795698925,17.104250000000004,1.7640832514080902,-0.3344995442908347
2025-10-20T05:00:00.000000,-2.3699494623655912,19.381399999999996,1.3906736111111109,-0.9792758512544804
2025-10-20T06:00:00.000000,-2.578016666666667,23.893133333333328,1.3604254292929294,-1.2175912373737376
2025-10-20T07:00:00.000000,-2.136730448717949,25.941150000000007,1.5438180892255893,-0.5929123594923598
2025-10-20T08:00:00.000000,-1.093,25.07611666666667,1.32705,0.2340500000000001
2025-10-20T09:00:00.000000,-1.2362720725108225,24.734233333333343,0.8052916666666667,-0.43098040584415576
2025-10-20T10:00:00.000000,-1.8075835497835497,23.7055,0.7071999999999998,-1.10038354978355
2025-10-20T11:00:00.000000,-1.2850289694251276,23.36981666666667,0.7348166666666668,-0.5502123027584608
2025-10-20T12:00:00.000000,-1.7135193515421776,23.242800000000006,0.642225,-1.0712943515421776
2025-10-20T13:00:00.000000,-1.6982326704093007,23.429166666666678,0.5768500000000001,-1.1213826704093006
2025-10-20T14:00:00.000000,-1.287634049344375,23.7878,0.897624237472767,-0.390009811871608
2025-10-20T15:00:00.000000,-1.7021088293650797,24.554550000000003,1.4429400714876524,-0.2591687578774273
2025-10-20T16:00:00.000000,-1.8802416666666666,25.50773333333333,1.9071583333333337,0.026916666666667144
2025-10-20T17:00:00.000000,-1.7488194346414452,26.465566666666668,1.9420333333333337,0.19321389869188854
2025-10-20T18:00:00.000000,-1.798020595238095,25.2395,1.8764166666666668,0.07839607142857186
2025-10-20T19:00:00.000000,-2.040450847069597,23.653533333333332,1.9390766666666668,-0.10137418040293023
2025-10-20T20:00:00.000000,-1.4340041666666667,22.16975,1.2058718206916592,-0.22813234597500753
2025-10-20T21:00:00.000000,-0.9362788614163613,19.463166666666663,1.0879233333333331,0.15164447191697183
2025-10-20T22:00:00.000000,-0.8587644841269844,16.97891666666667,0.6805999999999999,-0.1781644841269845
2025-10-20T23:00:00.000000,-1.232083173076923,16.16238333333333,0.8580666666666666,-0.3740165064102564
2025-10-21T00:00:00.000000,-1.2499327797202795,15.978716666666667,0.8580666666666665,-0.39186611305361296
2025-10-21T01:00:00.000000,-1.3707575757575758,15.709833333333336,0.8440166666666666,-0.5267409090909092
2025-10-21T02:00:00.000000,-1.6307000000000005,15.527416666666667,0.844,-0.7867000000000005
2025-10-21T03:00:00.000000,-1.5350321428571427,15.575,0.8364736111111112,-0.6985585317460316
2025-10-21T04:00:00.000000,-1.366406028295376,16.05811666666667,0.388351388888889,-0.9780546394064871
2025-10-21T05:00:00.000000,-1.4042662240047536,18.10438333333334,0.21610000000000001,-1.1881662240047537
2025-10-21T06:00:00.000000,-0.30241285714285715,20.672000000000004,0.11335416666666666,-0.1890586904761905
2025-10-21T07:00:00.000000,-0.23105833333333334,21.489749999999997,0.24246666666666666,0.011408333333333326
2025-10-21T08:00:00.000000,-0.26755277777777775,21.78226666666666,0.08711666666666668,-0.18043611111111107
2025-10-21T09:00:00.000000,-0.20133388888888884,20.655283333333333,0.09673333333333332,-0.10460055555555552
2025-10-21T10:00:00.000000,-0.5428507783882784,19.64481666666667,0.41183728632478644,-0.131013492063492
2025-10-21T11:00:00.000000,-0.7242305555555556,19.53623333333334,0.8511583333333336,0.12692777777777797
2025-10-21T12:00:00.000000,-0.7077695970695972,19.963833333333337,0.7129500000000002,0.005180402930403005
2025-10-21T13:00:00.000000,-0.6706685606060605,20.4669,0.7000166666666668,0.029348106060606338
2025-10-21T14:00:00.000000,-0.6191202380952383,21.36195,0.703738888888889,0.08461865079365072
2025-10-21T15:00:00.000000,-1.0172757142857145,22.075450000000007,1.0163968750000003,-0.0008788392857141947
2025-10-21T16:00:00.000000,-1.936152857142857,24.9893,1.6460500000000002,-0.2901028571428568
2025-10-21T17:00:00.000000,-2.3657880952380954,26.06633333333334,2.766162011599511,0.4003739163614157
2025-10-21T18:00:00.000000,-2.753233333333333,25.2026,2.955307720797721,0.20207438746438777
2025-10-21T19:00:00.000000,-3.6730955555555562,24.278366666666663,2.9480032051282055,-0.7250923504273508
2025-10-21T20:00:00.000000,-3.511319444444445,22.583849999999998,2.913756346963682,-0.5975630974807631
2025-10-21T21:00:00.000000,-3.1609500000000006,21.061333333333334,2.6994361111111114,-0.4615138888888892
2025-10-21T22:00:00.000000,-3.409333333333333,18.724716666666662,3.048208333333333,-0.3611249999999999
2025-10-21T23:00:00.000000,-3.455766666666667,18.73663333333333,2.8132,-0.6425666666666667
2025-10-22T00:00:00.000000,-3.365383333333334,18.454033333333335,3.02735,-0.33803333333333363
2025-10-22T01:00:00.000000,-3.467416666666667,18.30803333333334,3.1171916666666677,-0.3502249999999991
2025-10-22T02:00:00.000000,-3.5218499999999997,17.745083333333337,2.5336666666666665,-0.9881833333333332
2025-10-22T03:00:00.000000,-3.5121250000000006,17.319916666666664,2.802421296296296,-0.7097037037037044
2025-10-22T04:00:00.000000,-3.764066666666668,18.496766666666666,2.9044475084175088,-0.859619158249159
2025-10-22T05:00:00.000000,-3.944340476190476,20.40336666666667,3.6351163636363637,-0.3092241125541122
2025-10-22T06:00:00.000000,-4.13677619047619,26.034383333333334,3.2591202983617693,-0.8776558921144204
2025-10-22T07:00:00.000000,-4.092816666666667,26.827166666666667,3.693077412075941,-0.3997392545907257
2025-10-22T08:00:00.000000,-3.3630916666666657,26.12476666666667,3.4243765151515153,0.06128484848484961
2025-10-22T09:00:00.000000,-2.6407583333333338,24.96403333333334,2.5922222222222215,-0.04853611111111222
2025-10-22T10:00:00.000000,-3.0154,23.723983333333337,1.4188666666666663,-1.5965333333333338
2025-10-22T11:00:00.000000,-3.0083618055555563,22.49726666666667,1.5275805555555553,-1.480781250000001
2025-10-22T12:00:00.000000,-2.72365,22.457516666666674,2.083010317460317,-0.6406396825396832
2025-10-22T13:00:00.000000,-2.38955,22.842216666666673,2.6281124603174604,0.23856246031746053
2025-10-22T14:00:00.000000,-1.6530643518518522,24.817533333333337,1.7391905555555558,0.08612620370370361
2025-10-22T15:00:00.000000,-1.8273068399044208,28.40480000000001,0.5120700000000001,-1.3152368399044208
2025-10-22T16:00:00.000000,-2.7004909357398876,30.07285000000001,0.22638333333333338,-2.474107602406554
2025-10-22T17:00:00.000000,-3.3709161388790423,31.175833333333333,0.12446666666666667,-3.2464494722123756
2025-10-22T18:00:00.000000,-3.2372777936042456,30.204549999999998,0.17280833333333334,-3.0644694602709124
2025-10-22T19:00:00.000000,-1.9426748484848484,27.234300000000005,0.20123333333333335,-1.741441515151515
2025-10-22T20:00:00.000000,-1.2696381673881674,24.568033333333332,0.37860000000000005,-0.8910381673881673
2025-10-22T21:00:00.000000,-1.0132172889610391,21.932333333333332,0.8567020833333335,-0.1565152056277056
2025-10-22T22:00:00.000000,-1.6704511904761903,20.395400000000002,0.9431833333333335,-0.7272678571428568
2025-10-22T23:00:00.000000,-0.7805583333333332,18.659066666666668,0.4472,-0.33335833333333326
2025-10-23T00:00:00.000000,-0.7786850000000001,17.51506666666667,0.2687583333333333,-0.5099266666666668
2025-10-23T01:00:00.000000,-0.04319833333333333,16.74516666666667,0.7938749999999999,0.7506766666666665
2025-10-23T02:00:00.000000,-0.06526666666666667,16.11278333333333,0.8107650000000001,0.7454983333333334
2025-10-23T03:00:00.000000,-0.011016666666666668,15.601233333333333,0.4657766666666667,0.45476000000000005
2025-10-23T04:00:00.000000,-0.10714,15.576566666666665,0.5395750000000001,0.4324350000000001
2025-10-23T05:00:00.000000,-0.3974433333333334,16.988049999999998,1.2198416666666667,0.8223983333333333
2025-10-23T06:00:00.000000,-0.7097750000000002,20.160866666666667,0.9113333333333333,0.20155833333333317
2025-10-23T07:00:00.000000,-0.6806988888888889,22.08265,0.8123833333333337,0.13168444444444483
2025-10-23T08:00:00.000000,-0.6365372222222222,23.245400000000007,0.4145416666666667,-0.2219955555555555
2025-10-23T09:00:00.000000,-0.5189333333333335,22.76923333333334,0.7357583333333334,0.21682499999999993
2025-10-23T10:00:00.000000,-0.7835925925925925,22.716900000000006,0.6589166666666668,-0.12467592592592569
2025-10-23T11:00:00.000000,-0.5497916666666667,22.77796666666667,0.32715833333333344,-0.22263333333333324
2025-10-23T12:00:00.000000,-0.29178333333333334,21.774033333333335,0.05940000000000001,-0.23238333333333333
2025-10-23T13:00:00.000000,-0.19083333333333338,21.585183333333333,0.008766666666666666,-0.1820666666666667
2025-10-23T14:00:00.000000,-0.07501342592592591,21.385516666666675,0.14525,0.07023657407407408
2025-10-23T15:00:00.000000,-0.20293240740740742,22.506850000000004,0.22005555555555556,0.017123148148148137
2025-10-23T16:00:00.000000,-0.3010555555555555,24.487950000000005,0.07678333333333334,-0.22427222222222218
2025-10-23T17:00:00.000000,-0.47663333333333324,25.48636666666667,0.19817898550724639,-0.27845434782608686
2025-10-23T18:00:00.000000,-0.42946,23.81821666666667,0.39889311594202903,-0.030566884057970978
2025-10-23T19:00:00.000000,-0.31420944444444443,22.299383333333346,0.5986666666666667,0.28445722222222225
2025-10-23T20:00:00.000000,-1.0507722222222222,20.961233333333332,0.6854349999999999,-0.3653372222222223
2025-10-23T21:00:00.000000,-1.067208333333333,19.89048333333333,1.1501119047619048,0.08290357142857174
2025-10-23T22:00:00.000000,-0.60025,17.15465,1.8853428571428572,1.2850928571428573
2025-10-23T23:00:00.000000,-1.1199000000000001,16.7098,1.68116380952381,0.5612638095238098
2025-10-24T00:00:00.000000,-1.5217500000000004,16.823866666666667,1.757021666666667,0.23527166666666655
2025-10-24T01:00:00.000000,-1.3504666666666671,16.38205,1.968316666666667,0.6178499999999998
2025-10-24T02:00:00.000000,-1.8829916666666668,16.50393333333333,2.4986846285434994,0.6156929618768325
2025-10-24T03:00:00.000000,-2.2780666666666667,16.506516666666666,2.555547083333334,0.2774804166666671
2025-10-24T04:00:00.000000,-2.5882,16.785566666666668,2.5539083333333332,-0.03429166666666683
2025-10-24T05:00:00.000000,-2.892907575757576,18.08298333333333,2.8717148051948054,-0.02119277056277058
2025-10-24T06:00:00.000000,-3.217942424242424,20.63781666666667,3.248753313492063,0.03081088924963904
2025-10-24T07:00:00.000000,-3.373471428571429,21.466216666666668,3.6721104761904764,0.29863904761904747
2025-10-24T08:00:00.000000,-3.301786904761905,20.776000000000003,3.47229007936508,0.1705031746031751
2025-10-24T09:00:00.000000,-3.45885,19.756983333333338,2.69192380952381,-0.7669261904761902
2025-10-24T10:00:00.000000,-3.4315999999999987,18.9743,2.106198148148148,-1.3254018518518507
2025-10-24T11:00:00.000000,-3.439784782608695,18.718850000000003,2.0450268518518517,-1.3947579307568434
2025-10-24T12:00:00.000000,-3.704558333333334,18.587483333333335,2.7998625000000006,-0.9046958333333333
2025-10-24T13:00:00.000000,-3.7770166666666674,18.955933333333334,2.9939847222222222,-0.7830319444444451
2025-10-24T14:00:00.000000,-3.8497500000000002,19.868766666666666,3.3283138888888892,-0.521436111111111
2025-10-24T15:00:00.000000,-4.203366666666666,21.62776666666667,3.4403250000000005,-0.7630416666666653
2025-10-24T16:00:00.000000,-4.635683333333333,23.39446666666667,4.249608333333334,-0.38607499999999906
2025-10-24T17:00:00.000000,-4.906866666666666,24.153366666666667,4.69827297979798,-0.20859368686868596
2025-10-24T18:00:00.000000,-4.945799999999999,23.78321666666666,4.737284166666668,-0.20851583333333146
2025-10-24T19:00:00.000000,-4.800550000000001,23.698733333333337,4.22184173881674,-0.5787082611832615
2025-10-24T20:00:00.000000,-4.7168833333333335,22.69811666666666,4.810812034534535,0.09392870120120111
2025-10-24T21:00:00.000000,-4.6073339743589745,21.454700000000006,3.99724880952381,-0.6100851648351644
2025-10-24T22:00:00.000000,-5.02534935897436,19.116166666666672,3.6844974856321846,-1.3408518733421753
2025-10-24T23:00:00.000000,-4.401841666666666,19.06166666666667,3.723224509803922,-0.6786171568627442
2025-10-25T00:00:00.000000,-4.183833333333333,18.406216666666662,3.4931080587484042,-0.690725274584929
2025-10-25T01:00:00.000000,-3.988666666666666,18.980016666666664,3.4610859375,-0.5275807291666661
2025-10-25T02:00:00.000000,-3.975858333333333,19.0472,3.291995833333333,-0.6838625
2025-10-25T03:00:00.000000,-4.0315666666666665,18.954983333333338,3.2002291666666665,-0.8313375000000001
2025-10-25T04:00:00.000000,-3.8211333333333326,18.9076,3.1195209677419355,-0.7016123655913971
2025-10-25T05:00:00.000000,-4.061133333333333,18.925083333333326,2.9785790322580645,-1.0825543010752687
2025-10-25T06:00:00.000000,-4.269391666666666,19.410999999999998,3.066566666666667,-1.2028249999999985
2025-10-25T07:00:00.000000,-4.2796666666666665,19.31981666666667,3.5008648148148156,-0.7788018518518509
2025-10-25T08:00:00.000000,-4.26375,19.68336666666667,4.174105476190477,-0.0896445238095227
2025-10-25T09:00:00.000000,-4.07595,18.557666666666666,3.622822962962964,-0.45312703703703594
2025-10-25T10:00:00.000000,-3.8278499999999998,17.820316666666667,2.9926166666666676,-0.8352333333333322
2025-10-25T11:00:00.000000,-4.022383333333333,17.209833333333332,3.625005555555556,-0.39737777777777694
2025-10-25T12:00:00.000000,-4.2776,17.40316666666667,3.8341083333333335,-0.4434916666666662
2025-10-25T13:00:00.000000,-4.352766666666667,18.025649999999995,3.1428016025641035,-1.2099650641025632
2025-10-25T14:00:00.000000,-4.151866666666667,18.749,2.8634315550041363,-1.2884351116625306
2025-10-25T15:00:00.000000,-4.32895,20.8778,3.4377941980286746,-0.8911558019713253
2025-10-25T16:00:00.000000,-4.26215,22.924066666666665,4.498223412698413,0.23607341269841253
2025-10-25T17:00:00.000000,-4.42295,23.57125000000001,4.6474417978750635,0.22449179787506335
2025-10-25T18:00:00.000000,-4.338425,22.771066666666673,4.374535550115208,0.03611055011520836
2025-10-25T19:00:00.000000,-4.548766666666667,21.039283333333344,4.563868749999999,0.015102083333331962
2025-10-25T20:00:00.000000,-4.369275,19.803666666666665,4.0317740740740735,-0.3375009259259265
2025-10-25T21:00:00.000000,-4.033483333333334,18.61756666666667,3.78264565018315,-0.25083768315018373
2025-10-25T22:00:00.000000,-3.9721500000000005,19.002816666666668,3.308326717793169,-0.6638232822068315
2025-10-25T23:00:00.000000,-3.739473611111111,19.404716666666666,3.1762232636644403,-0.5632503474466706
2025-10-26T00:00:00.000000,-3.706743055555556,19.522066666666664,3.504713492063493,-0.20202956349206325
2025-10-26T01:00:00.000000,-3.714033333333333,19.088116666666668,3.662734632936508,-0.05129870039682505
2025-10-26T02:00:00.000000,-3.157466666666666,18.443466666666666,3.63926583994709,0.4817991732804239
2025-10-26T03:00:00.000000,-3.025574999999999,18.3321,3.4990089646464657,0.4734339646464667
2025-10-26T04:00:00.000000,-2.499525,17.802966666666663,2.754383386752137,0.25485838675213657
2025-10-26T05:00:00.000000,-2.434666666666667,17.881933333333333,2.240121527777778,-0.19454513888888902
2025-10-26T06:00:00.000000,-3.1410833333333334,17.546349999999997,2.150566666666667,-0.9905166666666663
2025-10-26T07:00:00.000000,-2.6122750000000003,17.541633333333337,2.121875,-0.49040000000000017
2025-10-26T08:00:00.000000,-2.246608333333333,17.36821666666666,2.0342700000000002,-0.21233833333333285
2025-10-26T09:00:00.000000,-2.7772083333333337,17.421116666666663,1.7154500000000004,-1.0617583333333334
2025-10-26T10:00:00.000000,-3.724441666666666,17.87856666666667,1.4933416666666668,-2.231099999999999
2025-10-26T11:00:00.000000,-1.6721976190476193,18.17573333333333,1.313266666666667,-0.3589309523809523
2025-10-26T12:00:00.000000,-0.1381607142857143,19.335716666666666,1.316183333333334,1.1780226190476197
2025-10-26T13:00:00.000000,-0.6459416666666666,19.697966666666666,1.4999500000000001,0.8540083333333335
2025-10-26T14:00:00.000000,-1.3718083333333335,20.468216666666663,1.775241666666667,0.40343333333333353
2025-10-26T15:00:00.000000,-1.7294750000000003,21.77475,1.7896000000000005,0.060125000000000206
2025-10-26T16:00:00.000000,-1.5647455687830685,23.113633333333336,1.658283333333334,0.09353776455026552
2025-10-26T17:00:00.000000,-0.7580069312169313,23.590583333333328,1.4145500000000004,0.6565430687830691
2025-10-26T18:00:00.000000,-1.2311266666666665,22.870500000000003,1.1897833333333336,-0.04134333333333284
2025-10-26T19:00:00.000000,-1.8924613095238094,21.513983333333325,1.1766500000000002,-0.7158113095238092
2025-10-26T20:00:00.000000,-1.3339999999999999,19.802566666666664,1.2672333333333337,-0.0667666666666662
2025-10-26T21:00:00.000000,-1.3326083333333332,18.674200000000003,1.2598833333333337,-0.07272499999999948
2025-10-26T22:00:00.000000,-1.2350690476190476,18.381016666666664,1.3526500000000004,0.11758095238095279
2025-10-26T23:00:00.000000,-1.3819910714285715,18.046,1.5578250000000002,0.17583392857142877
2025-10-27T00:00:00.000000,-1.7576541666666667,19.00701666666666,1.5779666666666667,-0.1796875
2025-10-27T01:00:00.000000,-2.0850489087301587,19.493333333333332,1.4550333333333336,-0.6300155753968251
2025-10-27T02:00:00.000000,-1.9022666666666668,18.78375,1.4558000000000004,-0.44646666666666635
2025-10-27T03:00:00.000000,-2.3662416666666664,18.65855,1.4593833333333335,-0.9068583333333329
2025-10-27T04:00:00.000000,-2.1403583333333334,18.39126666666666,1.8420500000000004,-0.29830833333333295
2025-10-27T05:00:00.000000,-2.3664250000000004,18.513066666666663,2.542816666666667,0.1763916666666665
2025-10-27T06:00:00.000000,-2.743631818181818,19.21783333333333,2.5212809523809527,-0.22235086580086527
2025-10-27T07:00:00.000000,-3.0281250000000015,20.29823333333333,2.658772969187676,-0.3693520308123257
2025-10-27T08:00:00.000000,-2.5941166666666664,20.412983333333333,2.6292034898208545,0.035086823154188096
2025-10-27T09:00:00.000000,-2.711266666666667,19.80771666666667,2.7787502380952387,0.06748357142857175
2025-10-27T10:00:00.000000,-2.6058750000000006,19.142433333333337,2.779325000000001,0.17345000000000033
2025-10-27T11:00:00.000000,-2.9554416666666663,20.166400000000003,2.3963494232506433,-0.559092243416023
2025-10-27T12:00:00.000000,-2.0008083333333335,20.285366666666658,1.9904333333333335,-0.010375000000000023
2025-10-27T13:00:00.000000,-1.6101583333333331,20.53823333333333,1.7891210317460318,0.17896269841269863
2025-10-27T14:00:00.000000,-0.8174333333333333,21.567133333333334,1.733834502923977,0.9164011695906437
2025-10-27T15:00:00.000000,-0.1253936507936508,23.972533333333327,0.62575230946218,0.5003586586685291
2025-10-27T16:00:00.000000,-0.21873071428571425,26.878516666666666,0.42490999999999995,0.2061792857142857
2025-10-27T17:00:00.000000,-0.02391666666666667,27.562916666666663,0.16266666666666668,0.13875
2025-10-27T18:00:00.000000,-0.0451,26.35118333333333,0.3337750000000001,0.2886750000000001
2025-10-27T19:00:00.000000,-0.024433333333333338,24.676783333333336,0.1469976190476191,0.12256428571428576
2025-10-27T20:00:00.000000,-0.09537500000000002,22.7445,0.3787546031746032,0.2833796031746032
2025-10-27T21:00:00.000000,-0.847895707070707,20.19676666666666,0.8273000000000001,-0.020595707070706903
2025-10-27T22:00:00.000000,-1.9403749999999997,17.796250000000004,1.4901166666666668,-0.450258333333333
2025-10-27T23:00:00.000000,-2.059522619047619,15.69108333333333,1.7350833333333335,-0.32443928571428526
2025-10-28T00:00:00.000000,-2.0692273809523805,15.849533333333339,1.7353666666666667,-0.33386071428571373
2025-10-28T01:00:00.000000,-1.0903833333333333,15.186099999999996,1.7365333333333335,0.6461500000000002
2025-10-28T02:00:00.000000,-1.0397333333333334,16.084999999999997,1.7351666666666667,0.6954333333333333
2025-10-28T03:00:00.000000,-1.3565833333333335,16.041483333333336,1.7374833333333337,0.38090000000000024
2025-10-28T04:00:00.000000,-1.7517083333333332,16.77921666666667,1.7350500000000002,-0.016658333333332997
2025-10-28T05:00:00.000000,-1.902676770683021,17.894316666666665,1.7693166666666669,-0.13336010401635412
2025-10-28T06:00:00.000000,-1.4230895833333335,19.36906666666666,1.7253333333333332,0.3022437499999997
2025-10-28T07:00:00.000000,-1.1624208333333332,20.075033333333334,1.2830583333333334,0.12063750000000018
2025-10-28T08:00:00.000000,-1.3629886904761905,20.609533333333335,1.2663000000000004,-0.09668869047619011
2025-10-28T09:00:00.000000,-1.3248499999999999,19.38941666666666,1.1445678571428572,-0.1802821428571426
2025-10-28T10:00:00.000000,-1.2513166666666669,18.928299999999997,0.8789833333333337,-0.3723333333333332
2025-10-28T11:00:00.000000,-0.9364833333333336,18.373233333333335,0.9980166666666668,0.06153333333333322
2025-10-28T12:00:00.000000,-0.9039,18.979516666666676,0.8487361111111112,-0.05516388888888879
2025-10-28T13:00:00.000000,-1.5524297619047622,19.842266666666657,0.9184666666666667,-0.6339630952380956
2025-10-28T14:00:00.000000,-1.2944714880952377,21.089916666666664,1.0748833333333336,-0.21958815476190408
2025-10-28T15:00:00.000000,-0.6753148809523809,23.726766666666666,0.6661028735632185,-0.009212007389162391
2025-10-28T16:00:00.000000,-0.6539065476190475,26.671133333333337,0.5189833333333335,-0.13492321428571408
2025-10-28T17:00:00.000000,-0.0572,28.355083333333326,0.5395805555555555,0.4823805555555555
2025-10-28T18:00:00.000000,-0.10015992063492064,27.18553333333334,0.8003527777777779,0.7001928571428573
2025-10-28T19:00:00.000000,-0.6398408369408369,25.639266666666664,0.6435333333333334,0.0036924963924964693
2025-10-28T20:00:00.000000,-0.6106939480694743,23.326766666666668,0.6313828571428574,0.020688909073383055
2025-10-28T21:00:00.000000,-1.389168341307815,21.603949999999994,1.1910191756272404,-0.19814916568057472
2025-10-28T22:00:00.000000,-2.325616666666667,19.563716666666664,1.554275,-0.7713416666666668
2025-10-28T23:00:00.000000,-2.2358571428571428,17.800466666666665,1.5610000000000002,-0.6748571428571426
2025-10-29T00:00:00.000000,-1.6337174242424242,17.799000000000003,1.5610000000000002,-0.072717424242424
2025-10-29T01:00:00.000000,-1.9275718253968253,18.033100000000005,1.5612666666666668,-0.36630515873015845
2025-10-29T02:00:00.000000,-2.289330952380953,17.8443,1.5614000000000001,-0.7279309523809527
2025-10-29T03:00:00.000000,-1.899026127819549,17.09486666666667,1.5610333333333335,-0.33799279448621555
2025-10-29T04:00:00.000000,-3.167781785345717,17.92976666666667,1.5610166666666667,-1.6067651186790504
2025-10-29T05:00:00.000000,-3.652414285714286,19.48285,1.6196000000000004,-2.0328142857142852
2025-10-29T06:00:00.000000,-1.8234714886964882,20.355650000000004,1.4054100000000003,-0.41806148869648796
2025-10-29T07:00:00.000000,-1.777682558922559,21.997966666666667,1.01845,-0.759232558922559
2025-10-29T08:00:00.000000,-1.4386249999999998,23.672816666666666,1.0924,-0.3462249999999998
2025-10-29T09:00:00.000000,-0.7005722222222224,23.359750000000002,0.8233666666666667,0.12279444444444432
2025-10-29T10:00:00.000000,-0.8240409722222224,23.965483333333342,0.8198166666666665,-0.004224305555555863
2025-10-29T11:00:00.000000,-0.6208520833333333,24.495433333333335,0.7415898406529343,0.12073775731960101
2025-10-29T12:00:00.000000,-0.3936527777777778,24.4157,0.6447049397590361,0.2510521619812583
2025-10-29T13:00:00.000000,-1.1446555555555555,24.59541666666667,0.7132633333333334,-0.4313922222222222
2025-10-29T14:00:00.000000,-1.2139833333333334,26.212050000000005,1.061325,-0.15265833333333334
2025-10-29T15:00:00.000000,-1.9206583333333331,27.77428333333333,0.7066428571428571,-1.214015476190476
2025-10-29T16:00:00.000000,-2.546866666666667,30.178666666666675,0.614451388888889,-1.9324152777777779
2025-10-29T17:00:00.000000,-3.0462,30.867366666666666,1.3794944444444446,-1.6667055555555552
2025-10-29T18:00:00.000000,-2.9635916666666664,29.337333333333326,1.5951400000000002,-1.3684516666666662
2025-10-29T19:00:00.000000,-2.55119375,26.4074,2.4636022023809527,-0.0875915476190472
2025-10-29T20:00:00.000000,-2.1262249999999994,24.180500000000002,2.214395833333333,0.08817083333333375
2025-10-29T21:00:00.000000,-2.1057076767676772,22.62518333333334,1.7629333333333332,-0.342774343434344
2025-10-29T22:00:00.000000,-1.9883944444444441,20.020866666666667,1.5712666666666668,-0.4171277777777773
2025-10-29T23:00:00.000000,-2.013484920634921,18.08481666666667,1.78,-0.23348492063492077
2025-10-30T00:00:00.000000,-1.3538166666666667,18.084149999999998,1.78,0.42618333333333336
2025-10-30T01:00:00.000000,-1.4381935897435898,17.742499999999993,1.78,0.34180641025641023
2025-10-30T02:00:00.000000,-1.833683333333333,17.331716666666665,1.7890000000000001,-0.044683333333332964
2025-10-30T03:00:00.000000,-1.9430333333333334,16.737283333333334,1.78055,-0.1624833333333333
2025-10-30T04:00:00.000000,-2.080058333333333,16.68595,1.7802666666666669,-0.29979166666666623
2025-10-30T05:00:00.000000,-2.1033091666666666,16.64886666666667,1.759357777777778,-0.34395138888888854
2025-10-30T06:00:00.000000,-1.0666382142857143,18.894899999999996,1.148501388888889,0.08186317460317483
2025-10-30T07:00:00.000000,-0.356,20.73904999999999,0.2861083333333334,-0.06989166666666657
2025-10-30T08:00:00.000000,-0.0071333333333333335,21.559716666666663,0.0095,0.0023666666666666662
2025-10-30T09:00:00.000000,-0.0009,21.005666666666666,0.012900000000000002,0.012000000000000002
2025-10-30T10:00:00.000000,0.0,21.13801666666666,0.10396666666666668,0.10396666666666668
2025-10-30T11:00:00.000000,-0.049941666666666676,21.845716666666668,0.0,-0.049941666666666676
2025-10-30T12:00:00.000000,-0.10092500000000001,21.8956,0.3289066666666667,0.22798166666666667
2025-10-30T13:00:00.000000,-0.8617138888888887,22.774233333333346,1.2808936221800549,0.4191797332911662
2025-10-30T14:00:00.000000,-2.2577750000000005,24.12586666666667,2.1788590721591548,-0.07891592784084578
2025-10-30T15:00:00.000000,-3.65325,25.86285,3.317065462687719,-0.3361845373122807
2025-10-30T16:00:00.000000,-4.556266666666668,27.850450000000002,4.256245534188034,-0.3000211324786335
2025-10-30T17:00:00.000000,-5.454365000000001,29.25636666666667,4.169164642857142,-1.285200357142859
2025-10-30T18:00:00.000000,-5.986158333333334,28.386183333333328,4.622928827838828,-1.3632295054945063
2025-10-30T19:00:00.000000,-5.824949999999999,25.600900000000006,5.499843007998443,-0.32510699200155635
2025-10-30T20:00:00.000000,-6.519516666666665,23.148783333333338,6.819285261152247,0.2997685944855819
2025-10-30T21:00:00.000000,-6.651741666666666,22.013633333333328,6.6026514453139455,-0.049090221352720675
2025-10-30T22:00:00.000000,-6.225922222222222,21.307316666666665,5.695818307109558,-0.5301039151126634
2025-10-30T23:00:00.000000,-6.302709523809524,22.089016666666662,4.678090656565657,-1.6246188672438668
2025-10-31T00:00:00.000000,-6.086228571428572,22.00821666666666,5.1173039529914535,-0.9689246184371187
2025-10-31T01:00:00.000000,-5.904458333333333,21.139633333333325,4.896383689458689,-1.008074643874644
2025-10-31T02:00:00.000000,-5.491883333333333,20.341366666666666,5.018679545454545,-0.4732037878787878
2025-10-31T03:00:00.000000,-5.168358333333334,20.040416666666662,4.85155,-0.31680833333333425
2025-10-31T04:00:00.000000,-5.092638333333334,20.120616666666667,4.349936607142857,-0.7427017261904769
2025-10-31T05:00:00.000000,-5.332761666666669,20.36146666666666,4.131984181718664,-1.2007774849480048
2025-10-31T06:00:00.000000,-5.255633333333335,21.484166666666667,3.9199148809523816,-1.335718452380953
2025-10-31T07:00:00.000000,-5.043426282051282,21.78235,4.798122680560181,-0.2453036014911012
2025-10-31T08:00:00.000000,-4.72255,22.052316666666663,4.252424067599067,-0.4701259324009328
2025-10-31T09:00:00.000000,-4.3887833333333335,22.593833333333333,4.1805909046911225,-0.208192428642211
2025-10-31T10:00:00.000000,-4.527425,22.65161666666667,4.027427615596964,-0.4999973844030361
2025-10-31T11:00:00.000000,-4.647933333333333,22.886483333333334,4.488378461538462,-0.15955487179487093
2025-10-31T12:00:00.000000,-4.349758333333334,22.758966666666677,5.10628470936471,0.7565263760313758
2025-10-31T13:00:00.000000,-4.835566666666666,23.788716666666673,5.221094088319088,0.38552742165242204
2025-10-31T14:00:00.000000,-4.956441666666667,23.94718333333334,5.1917758954008955,0.23533422873422882
2025-10-31T15:00:00.000000,-5.066333333333333,24.383666666666667,4.692551610644259,-0.37378172268907406
2025-10-31T16:00:00.000000,-5.206911111111111,25.41293333333334,5.3259423796791445,0.11903126856803325
2025-10-31T17:00:00.000000,-4.994255555555557,25.3051,4.534888747771836,-0.45936680778372097
2025-10-31T18:00:00.000000,-4.855766666666667,24.05421666666666,4.150447727272727,-0.7053189393939396
2025-10-31T19:00:00.000000,-3.921825000000001,22.198183333333336,4.001568939393939,0.07974393939393831
2025-10-31T20:00:00.000000,-3.3673416666666665,21.138250000000006,3.6036666666666672,0.23632500000000078
2025-10-31T21:00:00.000000,-3.5004,19.655283333333333,3.293570151515152,-0.2068298484848481
2025-10-31T22:00:00.000000,-3.4657250000000004,19.92695,3.1783666666666672,-0.28735833333333316
2025-10-31T23:00:00.000000,-2.9764416666666667,19.734300000000005,2.9687666666666663,-0.0076750000000003205
2025-11-01T00:00:00.000000,-0.047733333333333336,0.3552333333333334,0.041,-0.006733333333333334
